INSERT INTO branch (id, name, address, phone) VALUES
  (1, 'Kadıköy', 'Caferağa Mah. Moda Cad. No:45 Kadıköy/İstanbul', '02165550101'),
  (2, 'Beşiktaş', 'Barbaros Bulvarı No:78 Beşiktaş/İstanbul', '02125550202'),
  (3, 'Ankara', 'Atatürk Bulvarı No:120 Çankaya/Ankara', '03125550303'),
  (4, 'İzmir', 'Cumhuriyet Bulvarı No:234 Konak/İzmir', '02325550404'),
  (5, 'Bursa', 'Atatürk Cad. No:56 Osmangazi/Bursa', '02245550505');

INSERT INTO category (id, name) VALUES
  (1, 'Kuruyemiş'),
  (2, 'Ezmeler'),
  (3, 'Tatlı'),
  (4, 'Atıştırmalık');

INSERT INTO product (id, name, category_id, price) VALUES
  (101, 'Fıstık Ezmesi Premium', 2, 50),
  (102, 'Badem Ezmesi', 2, 50),
  (103, 'Antep Fıstığı Kırık', 1, 55),
  (104, 'Çikolatalı Fındık', 4, 50),
  (105, 'Fıstık Helvası', 3, 50),
  (106, 'Badem Kavrulmuş', 1, 50),
  (107, 'Fındık İçi', 1, 50),
  (108, 'Karışık Kuruyemiş', 1, 50),
  (109, 'Kestane Şekeri', 3, 60),
  (110, 'Çam Fıstığı', 1, 80);

INSERT INTO product_batch (id, product_id, branch_id, quantity, cost, expiry_date) VALUES
  (1000, 101, 1, 58, 50, '2026-02-18'),
  (1001, 101, 2, 79, 50, '2025-12-20'),
  (1002, 101, 3, 89, 50, '2026-01-11'),
  (1003, 101, 4, 66, 50, '2026-02-19'),
  (1004, 101, 5, 85, 50, '2026-03-21'),
  (1005, 102, 1, 65, 50, '2026-05-28'),
  (1006, 102, 2, 85, 50, '2026-05-18'),
  (1007, 102, 3, 99, 50, '2026-02-28'),
  (1008, 102, 4, 80, 50, '2026-05-10'),
  (1009, 102, 5, 62, 50, '2026-05-09'),
  (1010, 103, 1, 73, 55, '2026-05-29'),
  (1011, 103, 2, 67, 55, '2026-03-18'),
  (1012, 103, 3, 98, 55, '2026-03-14'),
  (1013, 103, 4, 97, 55, '2026-03-19'),
  (1014, 103, 5, 75, 55, '2025-12-23'),
  (1015, 104, 1, 97, 50, '2026-05-22'),
  (1016, 104, 2, 84, 50, '2025-12-25'),
  (1017, 104, 3, 70, 50, '2026-04-14'),
  (1018, 104, 4, 64, 50, '2026-01-30'),
  (1019, 104, 5, 80, 50, '2026-05-03'),
  (1020, 105, 1, 95, 50, '2026-02-05'),
  (1021, 105, 2, 97, 50, '2026-05-15'),
  (1022, 105, 3, 93, 50, '2026-02-22'),
  (1023, 105, 4, 91, 50, '2026-05-03'),
  (1024, 105, 5, 84, 50, '2025-12-14'),
  (1025, 106, 1, 81, 50, '2026-04-19'),
  (1026, 106, 2, 57, 50, '2026-03-03'),
  (1027, 106, 3, 52, 50, '2026-04-21'),
  (1028, 106, 4, 88, 50, '2026-04-06'),
  (1029, 106, 5, 73, 50, '2026-04-22'),
  (1030, 107, 1, 82, 50, '2026-05-30'),
  (1031, 107, 2, 89, 50, '2026-03-15'),
  (1032, 107, 3, 75, 50, '2026-01-10'),
  (1033, 107, 4, 53, 50, '2026-04-18'),
  (1034, 107, 5, 64, 50, '2026-05-29'),
  (1035, 108, 1, 100, 50, '2026-01-13'),
  (1036, 108, 2, 66, 50, '2026-02-13'),
  (1037, 108, 3, 87, 50, '2026-05-01'),
  (1038, 108, 4, 92, 50, '2026-05-04'),
  (1039, 108, 5, 60, 50, '2026-01-17'),
  (1040, 109, 1, 96, 60, '2026-01-14'),
  (1041, 109, 2, 76, 60, '2026-03-12'),
  (1042, 109, 3, 60, 60, '2026-02-11'),
  (1043, 109, 4, 82, 60, '2026-03-04'),
  (1044, 109, 5, 72, 60, '2026-04-29'),
  (1045, 110, 1, 76, 80, '2026-02-27'),
  (1046, 110, 2, 75, 80, '2026-01-20'),
  (1047, 110, 3, 76, 80, '2026-04-06'),
  (1048, 110, 4, 71, 80, '2026-03-25'),
  (1049, 110, 5, 81, 80, '2026-01-04');

INSERT INTO sale (id, sale_date, branch_id) VALUES
  (1, '2025-11-14', 2),
  (2, '2025-11-26', 5),
  (3, '2025-11-16', 3),
  (4, '2025-11-29', 2),
  (5, '2025-11-19', 4),
  (6, '2025-11-15', 4),
  (7, '2025-11-29', 4),
  (8, '2025-11-20', 4),
  (9, '2025-11-03', 2),
  (10, '2025-11-26', 5),
  (11, '2025-11-11', 3),
  (12, '2025-11-11', 5),
  (13, '2025-12-03', 3),
  (14, '2025-11-04', 1),
  (15, '2025-12-01', 3),
  (16, '2025-11-19', 1),
  (17, '2025-11-18', 3),
  (18, '2025-11-20', 3),
  (19, '2025-11-23', 2),
  (20, '2025-11-15', 4),
  (21, '2025-12-02', 2),
  (22, '2025-11-16', 5),
  (23, '2025-12-03', 5),
  (24, '2025-11-14', 4),
  (25, '2025-11-30', 3),
  (26, '2025-11-30', 4),
  (27, '2025-11-05', 5),
  (28, '2025-11-12', 1),
  (29, '2025-11-26', 2),
  (30, '2025-11-26', 2),
  (31, '2025-11-10', 3),
  (32, '2025-11-14', 5),
  (33, '2025-11-18', 5),
  (34, '2025-11-27', 3),
  (35, '2025-11-08', 5),
  (36, '2025-11-10', 5),
  (37, '2025-11-10', 1),
  (38, '2025-11-23', 1),
  (39, '2025-11-30', 1),
  (40, '2025-11-23', 4),
  (41, '2025-11-03', 2),
  (42, '2025-11-23', 1),
  (43, '2025-11-26', 3),
  (44, '2025-11-15', 5),
  (45, '2025-11-30', 4),
  (46, '2025-11-22', 4),
  (47, '2025-11-03', 4),
  (48, '2025-11-17', 3),
  (49, '2025-11-16', 1),
  (50, '2025-11-12', 4),
  (51, '2025-11-09', 2),
  (52, '2025-11-12', 4),
  (53, '2025-11-22', 2),
  (54, '2025-11-25', 3),
  (55, '2025-11-21', 3),
  (56, '2025-11-05', 1),
  (57, '2025-11-16', 4),
  (58, '2025-11-16', 1),
  (59, '2025-11-09', 4),
  (60, '2025-12-03', 5),
  (61, '2025-11-06', 3),
  (62, '2025-11-06', 5),
  (63, '2025-11-28', 2),
  (64, '2025-11-12', 4),
  (65, '2025-11-07', 2),
  (66, '2025-11-11', 5),
  (67, '2025-12-01', 2),
  (68, '2025-11-23', 3),
  (69, '2025-11-04', 2),
  (70, '2025-11-18', 3),
  (71, '2025-11-28', 4),
  (72, '2025-11-24', 4),
  (73, '2025-11-20', 1),
  (74, '2025-11-13', 2),
  (75, '2025-11-20', 5),
  (76, '2025-11-19', 5),
  (77, '2025-11-24', 2),
  (78, '2025-11-18', 1),
  (79, '2025-11-11', 4),
  (80, '2025-11-15', 5),
  (81, '2025-11-29', 1),
  (82, '2025-11-13', 5),
  (83, '2025-11-03', 4),
  (84, '2025-11-22', 3),
  (85, '2025-12-01', 4),
  (86, '2025-11-15', 2),
  (87, '2025-11-20', 4),
  (88, '2025-11-11', 3),
  (89, '2025-11-13', 4),
  (90, '2025-11-09', 5),
  (91, '2025-11-20', 1),
  (92, '2025-11-11', 5),
  (93, '2025-11-11', 4),
  (94, '2025-11-30', 4),
  (95, '2025-11-05', 5),
  (96, '2025-12-02', 2),
  (97, '2025-11-17', 5),
  (98, '2025-11-14', 2),
  (99, '2025-12-03', 4),
  (100, '2025-11-30', 3),
  (101, '2025-11-29', 3),
  (102, '2025-11-28', 2),
  (103, '2025-11-03', 5),
  (104, '2025-11-21', 5),
  (105, '2025-11-12', 3),
  (106, '2025-11-08', 1),
  (107, '2025-11-13', 2),
  (108, '2025-11-09', 4),
  (109, '2025-11-19', 3),
  (110, '2025-11-22', 2),
  (111, '2025-11-20', 4),
  (112, '2025-12-02', 4),
  (113, '2025-11-13', 5),
  (114, '2025-11-22', 5),
  (115, '2025-11-06', 3),
  (116, '2025-11-16', 1),
  (117, '2025-11-19', 1),
  (118, '2025-11-20', 5),
  (119, '2025-11-30', 3),
  (120, '2025-11-05', 3),
  (121, '2025-11-11', 2),
  (122, '2025-11-11', 2),
  (123, '2025-12-03', 5),
  (124, '2025-11-08', 3),
  (125, '2025-11-18', 4),
  (126, '2025-11-27', 5),
  (127, '2025-11-05', 5),
  (128, '2025-11-17', 1),
  (129, '2025-11-19', 4),
  (130, '2025-11-18', 1),
  (131, '2025-11-19', 3),
  (132, '2025-11-11', 2),
  (133, '2025-11-19', 4),
  (134, '2025-12-03', 1),
  (135, '2025-11-30', 3),
  (136, '2025-11-11', 4),
  (137, '2025-11-23', 4),
  (138, '2025-11-07', 1),
  (139, '2025-11-27', 4),
  (140, '2025-11-05', 2),
  (141, '2025-11-09', 3),
  (142, '2025-11-26', 1),
  (143, '2025-11-04', 4),
  (144, '2025-11-05', 1),
  (145, '2025-12-03', 2),
  (146, '2025-11-16', 2),
  (147, '2025-11-11', 4),
  (148, '2025-11-29', 1),
  (149, '2025-11-10', 2),
  (150, '2025-11-16', 5),
  (151, '2025-11-16', 4),
  (152, '2025-11-09', 3),
  (153, '2025-11-20', 1),
  (154, '2025-11-25', 3),
  (155, '2025-11-08', 1),
  (156, '2025-11-07', 1),
  (157, '2025-11-19', 3),
  (158, '2025-11-29', 5),
  (159, '2025-11-09', 4),
  (160, '2025-11-30', 1),
  (161, '2025-11-27', 3),
  (162, '2025-11-20', 1),
  (163, '2025-11-15', 3),
  (164, '2025-11-28', 2),
  (165, '2025-11-15', 3),
  (166, '2025-11-18', 2),
  (167, '2025-11-05', 2),
  (168, '2025-11-26', 2),
  (169, '2025-11-17', 1),
  (170, '2025-11-07', 1),
  (171, '2025-11-18', 5),
  (172, '2025-11-08', 2),
  (173, '2025-11-12', 1),
  (174, '2025-11-23', 3),
  (175, '2025-11-20', 2),
  (176, '2025-11-30', 3),
  (177, '2025-11-06', 4),
  (178, '2025-11-24', 1),
  (179, '2025-12-02', 4),
  (180, '2025-11-08', 1),
  (181, '2025-11-14', 5),
  (182, '2025-11-24', 1),
  (183, '2025-11-08', 4),
  (184, '2025-11-13', 3),
  (185, '2025-11-03', 3),
  (186, '2025-11-30', 4),
  (187, '2025-11-08', 2),
  (188, '2025-11-13', 4),
  (189, '2025-12-02', 5),
  (190, '2025-11-11', 5),
  (191, '2025-11-14', 4),
  (192, '2025-11-15', 2),
  (193, '2025-11-15', 3),
  (194, '2025-11-09', 5),
  (195, '2025-11-18', 3),
  (196, '2025-11-14', 3),
  (197, '2025-12-01', 2),
  (198, '2025-11-24', 4),
  (199, '2025-11-06', 2),
  (200, '2025-11-13', 1);

INSERT INTO sale_item (id, sale_id, product_id, quantity, price) VALUES
  (1, 1, 103, 4, 55),
  (2, 2, 103, 3, 55),
  (3, 2, 107, 3, 50),
  (4, 3, 109, 2, 60),
  (5, 4, 102, 4, 50),
  (6, 5, 107, 4, 50),
  (7, 5, 109, 5, 60),
  (8, 6, 103, 3, 55),
  (9, 6, 101, 2, 50),
  (10, 6, 108, 3, 50),
  (11, 7, 106, 4, 50),
  (12, 7, 107, 4, 50),
  (13, 7, 108, 1, 50),
  (14, 8, 107, 2, 50),
  (15, 9, 107, 2, 50),
  (16, 10, 104, 1, 50),
  (17, 11, 105, 5, 50),
  (18, 11, 104, 2, 50),
  (19, 12, 109, 2, 60),
  (20, 12, 110, 3, 80),
  (21, 13, 105, 4, 50),
  (22, 13, 101, 2, 50),
  (23, 13, 107, 5, 50),
  (24, 14, 107, 5, 50),
  (25, 15, 105, 2, 50),
  (26, 16, 107, 1, 50),
  (27, 16, 107, 1, 50),
  (28, 16, 104, 3, 50),
  (29, 17, 104, 2, 50),
  (30, 17, 109, 2, 60),
  (31, 17, 101, 2, 50),
  (32, 18, 109, 3, 60),
  (33, 19, 110, 1, 80),
  (34, 19, 102, 3, 50),
  (35, 19, 102, 4, 50),
  (36, 20, 109, 2, 60),
  (37, 21, 108, 2, 50),
  (38, 22, 106, 2, 50),
  (39, 22, 107, 1, 50),
  (40, 23, 105, 4, 50),
  (41, 23, 105, 3, 50),
  (42, 24, 104, 2, 50),
  (43, 24, 103, 4, 55),
  (44, 24, 104, 1, 50),
  (45, 25, 108, 2, 50),
  (46, 26, 105, 3, 50),
  (47, 27, 104, 3, 50),
  (48, 28, 106, 4, 50),
  (49, 28, 104, 5, 50),
  (50, 28, 110, 5, 80),
  (51, 29, 102, 4, 50),
  (52, 30, 103, 5, 55),
  (53, 30, 105, 4, 50),
  (54, 31, 103, 4, 55),
  (55, 31, 101, 4, 50),
  (56, 32, 105, 2, 50),
  (57, 33, 102, 2, 50),
  (58, 34, 105, 4, 50),
  (59, 34, 108, 3, 50),
  (60, 34, 108, 1, 50),
  (61, 35, 107, 3, 50),
  (62, 36, 107, 3, 50),
  (63, 36, 104, 2, 50),
  (64, 36, 104, 4, 50),
  (65, 37, 110, 2, 80),
  (66, 37, 106, 1, 50),
  (67, 38, 101, 2, 50),
  (68, 39, 107, 5, 50),
  (69, 39, 104, 4, 50),
  (70, 39, 108, 2, 50),
  (71, 40, 109, 3, 60),
  (72, 41, 107, 1, 50),
  (73, 42, 104, 2, 50),
  (74, 43, 105, 2, 50),
  (75, 43, 104, 5, 50),
  (76, 43, 104, 2, 50),
  (77, 44, 101, 1, 50),
  (78, 45, 104, 2, 50),
  (79, 45, 106, 4, 50),
  (80, 45, 104, 1, 50),
  (81, 46, 103, 5, 55),
  (82, 46, 110, 5, 80),
  (83, 47, 102, 4, 50),
  (84, 47, 110, 5, 80),
  (85, 48, 110, 4, 80),
  (86, 48, 108, 3, 50),
  (87, 49, 102, 1, 50),
  (88, 50, 103, 5, 55),
  (89, 51, 104, 1, 50),
  (90, 51, 107, 4, 50),
  (91, 51, 102, 1, 50),
  (92, 52, 104, 3, 50),
  (93, 52, 101, 3, 50),
  (94, 52, 103, 3, 55),
  (95, 53, 102, 4, 50),
  (96, 53, 110, 1, 80),
  (97, 53, 109, 5, 60),
  (98, 54, 103, 3, 55),
  (99, 54, 109, 4, 60),
  (100, 54, 106, 2, 50),
  (101, 55, 104, 3, 50),
  (102, 55, 104, 3, 50),
  (103, 55, 108, 1, 50),
  (104, 56, 109, 1, 60),
  (105, 56, 103, 2, 55),
  (106, 57, 102, 2, 50),
  (107, 58, 103, 5, 55),
  (108, 58, 105, 2, 50),
  (109, 59, 108, 1, 50),
  (110, 60, 103, 5, 55),
  (111, 60, 110, 1, 80),
  (112, 61, 103, 5, 55),
  (113, 61, 106, 4, 50),
  (114, 62, 106, 2, 50),
  (115, 63, 110, 2, 80),
  (116, 63, 107, 1, 50),
  (117, 64, 109, 4, 60),
  (118, 64, 101, 4, 50),
  (119, 65, 110, 2, 80),
  (120, 65, 101, 5, 50),
  (121, 65, 101, 5, 50),
  (122, 66, 106, 4, 50),
  (123, 67, 103, 5, 55),
  (124, 68, 109, 2, 60),
  (125, 68, 105, 1, 50),
  (126, 69, 106, 1, 50),
  (127, 69, 108, 5, 50),
  (128, 69, 107, 5, 50),
  (129, 70, 105, 5, 50),
  (130, 70, 106, 3, 50),
  (131, 71, 108, 4, 50),
  (132, 71, 106, 1, 50),
  (133, 71, 101, 2, 50),
  (134, 72, 110, 2, 80),
  (135, 72, 104, 3, 50),
  (136, 72, 106, 1, 50),
  (137, 73, 110, 1, 80),
  (138, 73, 104, 1, 50),
  (139, 73, 103, 4, 55),
  (140, 74, 102, 5, 50),
  (141, 74, 103, 3, 55),
  (142, 74, 104, 5, 50),
  (143, 75, 102, 3, 50),
  (144, 76, 103, 4, 55),
  (145, 76, 110, 3, 80),
  (146, 77, 104, 2, 50),
  (147, 77, 108, 2, 50),
  (148, 78, 106, 5, 50),
  (149, 79, 105, 5, 50),
  (150, 80, 106, 1, 50),
  (151, 81, 106, 4, 50),
  (152, 81, 108, 1, 50),
  (153, 81, 102, 3, 50),
  (154, 82, 101, 2, 50),
  (155, 82, 101, 5, 50),
  (156, 83, 110, 4, 80),
  (157, 83, 106, 5, 50),
  (158, 84, 101, 4, 50),
  (159, 84, 106, 2, 50),
  (160, 85, 110, 5, 80),
  (161, 86, 103, 3, 55),
  (162, 87, 108, 3, 50),
  (163, 87, 102, 5, 50),
  (164, 88, 102, 5, 50),
  (165, 89, 101, 2, 50),
  (166, 90, 110, 3, 80),
  (167, 91, 104, 5, 50),
  (168, 91, 107, 3, 50),
  (169, 91, 104, 4, 50),
  (170, 92, 107, 2, 50),
  (171, 93, 104, 1, 50),
  (172, 93, 105, 4, 50),
  (173, 94, 108, 1, 50),
  (174, 94, 109, 3, 60),
  (175, 95, 104, 1, 50),
  (176, 96, 102, 3, 50),
  (177, 96, 103, 1, 55),
  (178, 97, 107, 4, 50),
  (179, 98, 108, 4, 50),
  (180, 98, 104, 2, 50),
  (181, 98, 101, 5, 50),
  (182, 99, 105, 2, 50),
  (183, 99, 105, 3, 50),
  (184, 100, 104, 5, 50),
  (185, 101, 106, 1, 50),
  (186, 101, 107, 5, 50),
  (187, 102, 101, 5, 50),
  (188, 102, 101, 3, 50),
  (189, 103, 103, 4, 55),
  (190, 103, 106, 2, 50),
  (191, 104, 103, 2, 55),
  (192, 104, 109, 1, 60),
  (193, 104, 106, 1, 50),
  (194, 105, 110, 4, 80),
  (195, 105, 104, 2, 50),
  (196, 106, 103, 4, 55),
  (197, 106, 109, 4, 60),
  (198, 106, 102, 4, 50),
  (199, 107, 102, 3, 50),
  (200, 107, 110, 5, 80),
  (201, 108, 104, 5, 50),
  (202, 109, 106, 1, 50),
  (203, 109, 110, 3, 80),
  (204, 110, 105, 4, 50),
  (205, 111, 110, 2, 80),
  (206, 111, 105, 1, 50),
  (207, 112, 107, 1, 50),
  (208, 113, 108, 1, 50),
  (209, 114, 103, 3, 55),
  (210, 115, 101, 4, 50),
  (211, 115, 103, 3, 55),
  (212, 116, 107, 3, 50),
  (213, 116, 101, 1, 50),
  (214, 116, 104, 1, 50),
  (215, 117, 101, 2, 50),
  (216, 118, 101, 4, 50),
  (217, 118, 110, 2, 80),
  (218, 119, 108, 4, 50),
  (219, 119, 105, 2, 50),
  (220, 119, 102, 5, 50),
  (221, 120, 103, 5, 55),
  (222, 121, 105, 3, 50),
  (223, 121, 108, 3, 50),
  (224, 122, 102, 3, 50),
  (225, 122, 105, 1, 50),
  (226, 123, 108, 1, 50),
  (227, 123, 109, 3, 60),
  (228, 124, 104, 5, 50),
  (229, 124, 105, 4, 50),
  (230, 124, 110, 1, 80),
  (231, 125, 105, 4, 50),
  (232, 126, 101, 5, 50),
  (233, 127, 108, 5, 50),
  (234, 127, 102, 2, 50),
  (235, 128, 105, 4, 50),
  (236, 128, 103, 4, 55),
  (237, 128, 101, 3, 50),
  (238, 129, 107, 4, 50),
  (239, 130, 107, 2, 50),
  (240, 130, 108, 4, 50),
  (241, 131, 107, 4, 50),
  (242, 131, 105, 4, 50),
  (243, 132, 106, 5, 50),
  (244, 132, 106, 4, 50),
  (245, 133, 108, 5, 50),
  (246, 133, 110, 5, 80),
  (247, 133, 105, 3, 50),
  (248, 134, 106, 3, 50),
  (249, 134, 108, 5, 50),
  (250, 134, 107, 5, 50),
  (251, 135, 109, 2, 60),
  (252, 135, 109, 4, 60),
  (253, 136, 107, 1, 50),
  (254, 136, 109, 2, 60),
  (255, 137, 108, 4, 50),
  (256, 137, 101, 4, 50),
  (257, 138, 105, 2, 50),
  (258, 138, 105, 1, 50),
  (259, 139, 109, 5, 60),
  (260, 140, 103, 2, 55),
  (261, 140, 110, 2, 80),
  (262, 141, 110, 2, 80),
  (263, 141, 110, 4, 80),
  (264, 141, 101, 3, 50),
  (265, 142, 102, 2, 50),
  (266, 142, 103, 4, 55),
  (267, 142, 104, 3, 50),
  (268, 143, 105, 1, 50),
  (269, 143, 108, 2, 50),
  (270, 144, 105, 5, 50),
  (271, 144, 101, 3, 50),
  (272, 145, 106, 1, 50),
  (273, 146, 103, 3, 55),
  (274, 147, 102, 4, 50),
  (275, 147, 104, 5, 50),
  (276, 148, 104, 5, 50),
  (277, 148, 110, 3, 80),
  (278, 149, 109, 3, 60),
  (279, 149, 103, 3, 55),
  (280, 150, 110, 4, 80),
  (281, 150, 103, 2, 55),
  (282, 150, 105, 4, 50),
  (283, 151, 110, 5, 80),
  (284, 151, 109, 1, 60),
  (285, 152, 104, 2, 50),
  (286, 153, 110, 3, 80),
  (287, 153, 106, 3, 50),
  (288, 153, 102, 5, 50),
  (289, 154, 105, 3, 50),
  (290, 154, 110, 2, 80),
  (291, 154, 108, 1, 50),
  (292, 155, 109, 1, 60),
  (293, 155, 110, 3, 80),
  (294, 156, 107, 4, 50),
  (295, 157, 109, 5, 60),
  (296, 157, 107, 2, 50),
  (297, 157, 105, 1, 50),
  (298, 158, 108, 5, 50),
  (299, 159, 103, 2, 55),
  (300, 159, 103, 4, 55),
  (301, 160, 110, 2, 80),
  (302, 160, 104, 5, 50),
  (303, 161, 109, 5, 60),
  (304, 161, 101, 3, 50),
  (305, 161, 101, 1, 50),
  (306, 162, 104, 4, 50),
  (307, 162, 108, 4, 50),
  (308, 162, 101, 3, 50),
  (309, 163, 101, 2, 50),
  (310, 163, 110, 4, 80),
  (311, 164, 109, 4, 60),
  (312, 164, 104, 4, 50),
  (313, 165, 108, 5, 50),
  (314, 166, 103, 1, 55),
  (315, 167, 101, 1, 50),
  (316, 167, 102, 1, 50),
  (317, 167, 102, 4, 50),
  (318, 168, 101, 4, 50),
  (319, 168, 102, 3, 50),
  (320, 168, 104, 3, 50),
  (321, 169, 107, 4, 50),
  (322, 169, 102, 5, 50),
  (323, 170, 108, 5, 50),
  (324, 170, 103, 3, 55),
  (325, 171, 106, 1, 50),
  (326, 172, 106, 1, 50),
  (327, 172, 101, 3, 50),
  (328, 173, 104, 5, 50),
  (329, 174, 106, 5, 50),
  (330, 174, 102, 3, 50),
  (331, 174, 104, 3, 50),
  (332, 175, 109, 2, 60),
  (333, 176, 107, 3, 50),
  (334, 177, 109, 2, 60),
  (335, 177, 103, 4, 55),
  (336, 177, 106, 1, 50),
  (337, 178, 110, 2, 80),
  (338, 178, 108, 4, 50),
  (339, 178, 105, 3, 50),
  (340, 179, 101, 1, 50),
  (341, 179, 109, 3, 60),
  (342, 180, 109, 5, 60),
  (343, 180, 107, 2, 50),
  (344, 180, 109, 2, 60),
  (345, 181, 110, 1, 80),
  (346, 181, 102, 5, 50),
  (347, 182, 101, 5, 50),
  (348, 182, 110, 2, 80),
  (349, 183, 103, 5, 55),
  (350, 183, 107, 4, 50),
  (351, 183, 108, 4, 50),
  (352, 184, 101, 3, 50),
  (353, 184, 109, 4, 60),
  (354, 184, 108, 2, 50),
  (355, 185, 102, 2, 50),
  (356, 185, 109, 3, 60),
  (357, 185, 104, 2, 50),
  (358, 186, 109, 2, 60),
  (359, 187, 105, 3, 50),
  (360, 187, 104, 4, 50),
  (361, 188, 105, 1, 50),
  (362, 188, 102, 1, 50),
  (363, 189, 108, 5, 50),
  (364, 189, 109, 1, 60),
  (365, 189, 110, 3, 80),
  (366, 190, 108, 2, 50),
  (367, 190, 102, 1, 50),
  (368, 191, 106, 3, 50),
  (369, 192, 103, 5, 55),
  (370, 192, 101, 1, 50),
  (371, 192, 101, 3, 50),
  (372, 193, 105, 5, 50),
  (373, 193, 101, 3, 50),
  (374, 194, 106, 3, 50),
  (375, 194, 110, 4, 80),
  (376, 194, 108, 2, 50),
  (377, 195, 102, 1, 50),
  (378, 195, 107, 5, 50),
  (379, 195, 108, 1, 50),
  (380, 196, 102, 3, 50),
  (381, 196, 105, 3, 50),
  (382, 197, 108, 3, 50),
  (383, 197, 105, 4, 50),
  (384, 198, 109, 4, 60),
  (385, 198, 109, 2, 60),
  (386, 198, 107, 5, 50),
  (387, 199, 108, 4, 50),
  (388, 199, 109, 4, 60),
  (389, 199, 109, 5, 60),
  (390, 200, 103, 5, 55);